[
    {
        "inputs": [
            {
                "internalType": "contract IBEP20",
                "name": "swapTokenAddress_",
                "type": "address"
            },
            {
                "internalType": "contract IBEP20",
                "name": "WASTokenAddress_",
                "type": "address"
            },
            {
                "internalType": "contract IBEP20",
                "name": "WCMSTokenAddress_",
                "type": "address"
            },
            {
                "internalType": "contract IBEP20",
                "name": "WCNSTokenAddress_",
                "type": "address"
            },
            {
                "internalType": "contract IBEP20",
                "name": "WMRSTokenAddress_",
                "type": "address"
            },
            {
                "internalType": "contract IBEP20",
                "name": "WUSTokenAddress_",
                "type": "address"
            },
            {
                "internalType": "uint256",
                "name": "cost_",
                "type": "uint256"
            }
        ],
        "stateMutability": "nonpayable",
        "type": "constructor"
    },
    {
        "anonymous": false,
        "inputs": [],
        "name": "BoughtWAS",
        "type": "event"
    },
    {
        "anonymous": false,
        "inputs": [],
        "name": "BoughtWCMS",
        "type": "event"
    },
    {
        "anonymous": false,
        "inputs": [],
        "name": "BoughtWCNS",
        "type": "event"
    },
    {
        "anonymous": false,
        "inputs": [],
        "name": "BoughtWMRS",
        "type": "event"
    },
    {
        "anonymous": false,
        "inputs": [],
        "name": "BoughtWUS",
        "type": "event"
    },
    {
        "anonymous": false,
        "inputs": [
            {
                "indexed": true,
                "internalType": "address",
                "name": "previousOwner",
                "type": "address"
            },
            {
                "indexed": true,
                "internalType": "address",
                "name": "newOwner",
                "type": "address"
            }
        ],
        "name": "OwnershipTransferred",
        "type": "event"
    },
    {
        "inputs": [],
        "name": "WASTokenAddress",
        "outputs": [
            {
                "internalType": "contract IBEP20",
                "name": "",
                "type": "address"
            }
        ],
        "stateMutability": "view",
        "type": "function"
    },
    {
        "inputs": [],
        "name": "WCMSTokenAddress",
        "outputs": [
            {
                "internalType": "contract IBEP20",
                "name": "",
                "type": "address"
            }
        ],
        "stateMutability": "view",
        "type": "function"
    },
    {
        "inputs": [],
        "name": "WCNSTokenAddress",
        "outputs": [
            {
                "internalType": "contract IBEP20",
                "name": "",
                "type": "address"
            }
        ],
        "stateMutability": "view",
        "type": "function"
    },
    {
        "inputs": [],
        "name": "WMRSTokenAddress",
        "outputs": [
            {
                "internalType": "contract IBEP20",
                "name": "",
                "type": "address"
            }
        ],
        "stateMutability": "view",
        "type": "function"
    },
    {
        "inputs": [],
        "name": "WUSTokenAddress",
        "outputs": [
            {
                "internalType": "contract IBEP20",
                "name": "",
                "type": "address"
            }
        ],
        "stateMutability": "view",
        "type": "function"
    },
    {
        "inputs": [],
        "name": "adminWithdrawAllDecks",
        "outputs": [],
        "stateMutability": "nonpayable",
        "type": "function"
    },
    {
        "inputs": [],
        "name": "adminWithdrawSwap",
        "outputs": [],
        "stateMutability": "nonpayable",
        "type": "function"
    },
    {
        "inputs": [],
        "name": "buyWAS",
        "outputs": [],
        "stateMutability": "nonpayable",
        "type": "function"
    },
    {
        "inputs": [],
        "name": "buyWCMS",
        "outputs": [],
        "stateMutability": "nonpayable",
        "type": "function"
    },
    {
        "inputs": [],
        "name": "buyWCNS",
        "outputs": [],
        "stateMutability": "nonpayable",
        "type": "function"
    },
    {
        "inputs": [],
        "name": "buyWMRS",
        "outputs": [],
        "stateMutability": "nonpayable",
        "type": "function"
    },
    {
        "inputs": [],
        "name": "buyWUS",
        "outputs": [],
        "stateMutability": "nonpayable",
        "type": "function"
    },
    {
        "inputs": [],
        "name": "cost",
        "outputs": [
            {
                "internalType": "uint256",
                "name": "",
                "type": "uint256"
            }
        ],
        "stateMutability": "view",
        "type": "function"
    },
    {
        "inputs": [],
        "name": "owner",
        "outputs": [
            {
                "internalType": "address",
                "name": "",
                "type": "address"
            }
        ],
        "stateMutability": "view",
        "type": "function"
    },
    {
        "inputs": [],
        "name": "renounceOwnership",
        "outputs": [],
        "stateMutability": "nonpayable",
        "type": "function"
    },
    {
        "inputs": [],
        "name": "swapTokenAddress",
        "outputs": [
            {
                "internalType": "contract IBEP20",
                "name": "",
                "type": "address"
            }
        ],
        "stateMutability": "view",
        "type": "function"
    },
    {
        "inputs": [
            {
                "internalType": "address",
                "name": "newOwner",
                "type": "address"
            }
        ],
        "name": "transferOwnership",
        "outputs": [],
        "stateMutability": "nonpayable",
        "type": "function"
    }
]